{"nm":"Comp 4","ddd":0,"h":157,"w":330,"meta":{"g":"@lottiefiles/toolkit-js 0.33.2"},"layers":[{"ty":4,"nm":"Shape Layer 1","sr":1,"st":0,"op":450.000018328876,"ip":0,"hd":false,"ddd":0,"bm":0,"hasMask":false,"ao":0,"ks":{"a":{"a":0,"k":[0,0,0],"ix":1},"s":{"a":0,"k":[123.229,100,100],"ix":6},"sk":{"a":0,"k":0},"p":{"a":0,"k":[165,78.5,0],"ix":2},"r":{"a":0,"k":0,"ix":10},"sa":{"a":0,"k":0},"o":{"a":0,"k":100,"ix":11}},"ef":[],"shapes":[{"ty":"gr","bm":0,"hd":false,"mn":"ADBE Vector Group","nm":"Shape 1","ix":1,"cix":2,"np":3,"it":[{"ty":"sh","bm":0,"hd":false,"mn":"ADBE Vector Shape - Group","nm":"Path 1","ix":1,"d":1,"ks":{"a":0,"k":{"c":false,"i":[[0,0],[-7.75,0],[-3.128,0],[-3.25,-0.5],[-1.875,0],[-1,0.5],[-2.625,0],[-2.424,-4.401],[-0.847,4.357],[-10.34,0],[-3.75,0],[-5.75,4.75],[-4.297,-3.983],[-3,-2],[-4,3.125],[-1.947,-1.947],[-18.125,0]],"o":[[0,0],[3.625,0],[4.375,0],[3.25,0.5],[6.625,0],[3.468,-1.734],[3.202,0],[1.377,2.5],[1.118,-5.75],[9.128,0],[3.75,0],[5.75,-4.75],[5.125,4.75],[3,2],[3.558,-2.78],[2.563,2.563],[4,0]],"v":[[-104.875,20.625],[-58.375,20.625],[-43.875,9.125],[-34,21],[-25.125,21],[-15.125,33.125],[-9.125,-64.625],[-3,46.5],[2.027,28.25],[17.137,20.875],[30.875,20.875],[47.375,9.5],[61.125,5.5],[76.875,21.375],[87.75,20.5],[96.125,21.625],[125.25,22.5]]},"ix":2}},{"ty":"st","bm":0,"hd":false,"mn":"ADBE Vector Graphic - Stroke","nm":"Stroke 1","lc":1,"lj":1,"ml":4,"o":{"a":0,"k":100,"ix":4},"w":{"a":0,"k":3,"ix":5},"c":{"a":0,"k":[1,0.0118,0.1765],"ix":3}},{"ty":"fl","bm":0,"hd":false,"mn":"ADBE Vector Graphic - Fill","nm":"Fill 1","c":{"a":0,"k":[1,1,1],"ix":4},"r":1,"o":{"a":0,"k":0,"ix":5}},{"ty":"tr","a":{"a":0,"k":[0,0],"ix":1},"s":{"a":0,"k":[100,100],"ix":3},"sk":{"a":0,"k":0,"ix":4},"p":{"a":0,"k":[0,0],"ix":2},"r":{"a":0,"k":0,"ix":6},"sa":{"a":0,"k":0,"ix":5},"o":{"a":0,"k":100,"ix":7}}]},{"ty":"tm","bm":0,"hd":false,"mn":"ADBE Vector Filter - Trim","nm":"Trim Paths 1","ix":2,"e":{"a":1,"k":[{"o":{"x":0.83,"y":0},"i":{"x":0.17,"y":1},"s":[0],"t":0},{"s":[100],"t":54.1850022070003}],"ix":2},"o":{"a":0,"k":0,"ix":3},"s":{"a":1,"k":[{"o":{"x":0.83,"y":0},"i":{"x":0.17,"y":1},"s":[0],"t":15.804},{"s":[100],"t":73.000002973351}],"ix":1},"m":1}],"ind":1}],"v":"5.5.5","fr":29.9700012207031,"op":76.0000030955435,"ip":0,"assets":[]}